Title,Price,updated price,weight,Product overview,Range,Brand,Volume,URL
"Armaf Club De Nuit Intense Man Eau de Toilette Spray 105ml","£29.95","50.915","105ml","Explore your wild side with Club De Nuit Intense Man, a sophisticated masculine fragrance that is designed to captivate and tantalise. This bold scent is a perfect balance of citrus, wood and spice that will have you ready to take on the night.

Start with a fresh burst of lemon, bergamot, pineapple, apple and blackcurrant that will tantalise your senses and awaken your spirit. Then, a distinctive heart of birch, rose and jasmine will linger on your skin, creating an unforgettable signature. Finally, this intoxicating blend of ambergris, musk, vanilla and patchouli will leave a lasting impression that will have you coming back for more.

This unique, yet classic combination of notes is perfect for any man looking to make a statement. Whether you're hitting the town for a night out or just want something that will turn heads, Club De Nuit Intense Man is the perfect scent for you. So, add a little intrigue to your life and try this timeless fragrance today.

Club De Nuit Intense Man is the perfect way to take your look to the next level and make a statement. With its bold and sophisticated aroma, you'll be ready for anything the night brings. So, don't wait - add this fragrance to your basket today and be ready for anything.

Notes: Lemon, Bergamot, Pineapple, Apple, Blackcurrant, Birch, Rose, Jasmine, Ambergris, Musk, Vanilla, Patchouli.","Club De Nuit Intense Man","Armaf","",https://www.fragrancedirect.co.uk/armaf-club-de-nuit-intense-man-eau-de-toilette-spray-105ml/14602077.html,"https://static.thcdn.com/images/small/webp//productimg/512/512/14602077-1355056875582237.jpg","https://static.thcdn.com/images/small/webp//productimg/512/512/14602077-9145058653225994.jpg","https://static.thcdn.com/images/small/webp//productimg/512/512/14602077-2245058517542978.jpg","https://static.thcdn.com/images/small/webp//productimg/512/512/14602077-1705058527542278.jpg","https://static.thcdn.com/images/small/webp//productimg/512/512/14602077-5765058521136642.jpg",
"Nautica Voyage Eau de Toilette Spray 100ml","£15.55","26.435000000000002","100ml","Nautica Voyage is a fresh and salty sea breeze, that carries romantic scents of coastal herbs and woods and awakes the man's instinct to measure his power with wild nature. This is a fragrance for an active and romantic man who lives by his own rules. The composition opens with cold, green notes of leaves and apples. There is a tender dewy mimose in the heart, which is blended with a watery note of lotus and an interesting accord of linen sail of a yacht. The composition is laid on a woody base, a combination of cedar, moss, musk and amber. The nose behind the perfume is Maurice Roucel. The fragrance was launched in 2006.","Voyage","Nautica","",https://www.fragrancedirect.co.uk/nautica-voyage-eau-de-toilette-spray-100ml/14271282.html,"https://static.thcdn.com/images/small/webp//productimg/512/512/14271282-2065107143757992.jpg","https://static.thcdn.com/images/small/webp//productimg/512/512/14271282-9575107143832398.jpg","https://static.thcdn.com/images/small/webp//productimg/512/512/14271282-2005107143877206.jpg",
"Calvin Klein CK One Eau de Toilette 200ml","£33.00","56.1","200ml","CK One embodies a universal spirit for a diverse world. It is an iconic fragrance that is unapologetically bold, yet exudes youthful, fresh simplicity. Celebrating individuality and unity, this fragrance evokes the excitement of limitless opportunity.

Bringing together refreshing notes of green tea, papaya, and bergamot. Perfectly balanced with soft accents of nutmeg, violet, cardamom, and rose. Compelling and dynamic, CK One is a dialogue between the masculine and feminine.

CK One is revolutionary, rejecting traditional gender stereotypes and harmonizing feminine floral and masculine musk into one unisex scent, appealing to men and women alike.

This fragrance carries fresh notes of green tea while embracing the sweetness of amber and musk.

Top notes: Green Tea, Bergamot, Cardamom
Heart notes: Violet, Rose, Nutmeg
Base notes: Amber, Musk

Please note: We are unable to ship fragrances over 150ml outside of the UK.","CK One","Calvin Klein","",https://www.fragrancedirect.co.uk/calvin-klein-ck-one-eau-de-toilette-200ml/14574709.html,"https://static.thcdn.com/images/small/webp//productimg/512/512/14574709-6815056861297548.jpg","https://static.thcdn.com/images/small/webp//productimg/512/512/14574709-1925058628027905.jpg","https://static.thcdn.com/images/small/webp//productimg/512/512/14574709-1475058501478335.jpg","https://static.thcdn.com/images/small/webp//productimg/512/512/14574709-4945058500208540.jpg","https://static.thcdn.com/images/small/webp//productimg/512/512/14574709-1155058515800386.jpg",
"Calvin Klein Obsession Night For Men Eau de Toilette 125ml","£19.50","33.15","125ml","This addition to the Obsession range is a deeper and darker companion to the original Obsession. This masculine scent opens with top notes of Cardamom, Pear, Grapefruit and Artemisia. The composition then blends into a heart of Nutmeg and Musk and Vetiver, then finally comes to a close with warming base notes of Vanilla and Patchouli. The woody notes give Calvin Klein Obsession Night for Men an amber feel.","Obsession Night For Men","Calvin Klein","",https://www.fragrancedirect.co.uk/calvin-klein-obsession-night-for-men-eau-de-toilette-125ml/14574939.html,"https://static.thcdn.com/images/small/webp//productimg/512/512/14574939-5435056861915875.jpg","https://static.thcdn.com/images/small/webp//productimg/512/512/14574939-2655058629346402.jpg","https://static.thcdn.com/images/small/webp//productimg/512/512/14574939-1965058502002981.jpg",
"Versace Dreamer Eau de Toilette Spray 100ml","£23.00","39.1","100ml","Versace Dreamer is an exotic and luxurious perfume for men, an easy way to add style and sophistication to any occasion. This masculine Versace fragrance comes in a 100ml bottle with the iconic brand Medusa head carved out of the glass.

Enjoy notes of wild linen flowers, amber, and tobacco with every spray of this sharp, woody amber fragrance. This Versace men’s scent is warm yet fresh, with a natural, sensual aroma and a robust base.

Notes: citrus, neroli, bergamot, petitgrain, hyacinth, clary sage, cedar, geranium, tonka bean, musk, amber","Dreamer","Versace","100ml",https://www.fragrancedirect.co.uk/versace-dreamer-eau-de-toilette-spray-100ml/11429112.html,"https://static.thcdn.com/images/small/webp//productimg/512/512/11429112-2155061544079841.jpg",
"Davidoff Cool Water Man Eau de Toilette Spray 200ml","£34.00","57.8","200ml","Cool Water, Davidoff, Eau de Toilette.

Discover the legendary marine fragrance for men, inspired by the freshness of the ocean. The strength of deep waters and pure masculinity are embodied in this iconic fragrance. The scent unfolds with aromatic notes of mint and lavender, blended with the sensuality of amber. A unique composition that delivers an immediate freshness.

Make your call with Cool Water, your ultimate blend of freshness, power and seduction.

Fragrance Family: Aromatic
Top Notes: Coriander, Mint
Heart Note: Lavender
Base Note: Amber

Please note: We are unable to ship fragrances over 150ml outside of the UK.","Cool Water Man","Davidoff","200ml",https://www.fragrancedirect.co.uk/davidoff-cool-water-man-eau-de-toilette-spray-200ml/12947151.html,"https://static.thcdn.com/images/small/webp//productimg/512/512/12947151-7835061541514958.jpg","https://static.thcdn.com/images/small/webp//productimg/512/512/12947151-8215058617592552.jpg",
"HUGO BOSS BOSS In Motion Eau de Toilette 100ml","£34.45","58.565000000000005","100ml","This aromatic men’s eau de toilette is a fresh, energetic, sensual fragrance. As with most amber perfumes, Hugo BOSS In Motion is spicy and distinctive, perfect for anyone wanting to stand out from the crowd.

The fragrance opens with vibrant, bright top notes of mandarin, orange, basil, violet leaf and bergamot. The scent moves seamlessly into a warm spicy heart of nutmeg, cinnamon, pink pepper and cardamom. BOSS In Motion then finishes with masculine base notes of sandalwood, vetiver and musk fragrances.

This classic men’s scent is an ode to an active lifestyle and is a must-have fragrance for any Hugo BOSS fan.

Notes: Mandarin, orange, basil, violet leaf, bergamot, nutmeg, cinnamon, pink pepper, cardamom, nutmeg, sandalwood, musk, vetiver.","BOSS In Motion","HUGO BOSS","90ml",https://www.fragrancedirect.co.uk/hugo-boss-in-motion-eau-de-toilette-100ml/12947150.html,"https://static.thcdn.com/images/small/webp//productimg/512/512/12947150-1705061541480440.jpg","https://static.thcdn.com/images/small/webp//productimg/512/512/12947150-1875058617541432.jpg","https://static.thcdn.com/images/small/webp//productimg/512/512/12947150-1225058493453308.jpg","https://static.thcdn.com/images/small/webp//productimg/512/512/12947150-1065058531461061.jpg","https://static.thcdn.com/images/small/webp//productimg/512/512/12947150-1655058509354403.jpg",
"Issey Miyake L'Eau D'Issey Pour Homme Eau de Toilette Spray 75ml Gift Set","£32.50","55.25","75ml","Xmas Giftset for men L'Eau d'Issey Pour Homme Eau de Toilette by Issey Miyake. Issey Miyake invites you to celebrate Xmas under the snow and wishes you a bright and beautiful holiday season.","L'Eau d'Issey Pour Homme","Issey Miyake","Fragrance: 75ml / Shower Gel: 50ml",https://www.fragrancedirect.co.uk/issey-miyake-christmas-2023-leau-dissey-pour-homme-eau-de-toilette-spray-75ml-gift-set/14882656.html,"https://static.thcdn.com/images/small/webp//productimg/512/512/14882656-2945078887236579.jpg","https://static.thcdn.com/images/small/webp//productimg/512/512/14882656-9565078887287915.jpg","https://static.thcdn.com/images/small/webp//productimg/512/512/14882656-5955078887338861.jpg","https://static.thcdn.com/images/small/webp//productimg/512/512/14882656-5025078887391805.jpg","https://static.thcdn.com/images/small/webp//productimg/512/512/14882656-1085078887448655.jpg",
"Police Police To Be Eau de Toilette Spray 125ml","£16.95","28.814999999999998","125ml","Police presents a new fragrance for men To Be, in a glass Skull with a Metal Police plate as a detail.
With notes of Black Pepper and Spricy notes it it is then refreshed with cold and luminous grapefruit. A new wave of violet leaves gives it a fine elegant note.
With the basenotes of Cedar, Patchouli and White Amber.","Police To Be","Police","",https://www.fragrancedirect.co.uk/police-to-be-eau-de-toilette-spray-125ml/14576362.html,"https://static.thcdn.com/images/small/webp//productimg/512/512/14576362-1375118284010153.jpg","https://static.thcdn.com/images/small/webp//productimg/512/512/14576362-1765118283723260.jpg","https://static.thcdn.com/images/small/webp//productimg/512/512/14576362-1885118283754142.jpg",
"Versace Blue Jeans Eau de Toilette Spray 75ml","£15.00","25.5","75ml","A classic scent since 1994, you can’t go wrong with a bottle of Versace Versus Blue Jeans Eau de Toilette. The masculine fragrance features a blend of woody, citrus and floral notes. It’s a timeless scent for any man keen to radiate casual cool.

An ideal option for everyday use, buy it in a portable 75ml size. Versace Blue Jeans also comes in a vintage-inspired bottle featuring denim blue glass, a fantastic fragrance for yourself or a gift.

Notes: bergamot, lemon, anise, basil, palisander, rose, lavender, geranium, sage, heliotrope, lily, vanilla, tonka bean, iris, musk, sandalwood, amber, cedar, patchouli, vetiver","Blue Jeans","Versace","75ml",https://www.fragrancedirect.co.uk/versace-blue-jeans-eau-de-toilette-75ml/11429110.html,"https://static.thcdn.com/images/small/webp//productimg/512/512/11429110-7365061530639796.jpg","https://static.thcdn.com/images/small/webp//productimg/512/512/11429110-1015058484996986.jpg","https://static.thcdn.com/images/small/webp//productimg/512/512/11429110-1175058502712631.jpg",
"Carolina Herrera 212 Sexy Men Eau de Toilette 100ml","£47.10","80.07000000000001","100ml","Sensual, seductive and enigmatic, he is the personification of the cosmopolitan city. His confident, relatable style reflects the warm, sensual atmosphere of a night out in Manhattan. When he enters the room, an air of mystery follows, turning heads as he passes by.","212 Sexy Men","Carolina Herrera","100ml",https://www.fragrancedirect.co.uk/carolina-herrera-212-sexy-men-eau-de-toilette-100ml/10952617.html,"https://static.thcdn.com/images/small/webp//productimg/512/512/10952617-7915056669678170.jpg","https://static.thcdn.com/images/small/webp//productimg/512/512/10952617-1855058502208178.jpg","https://static.thcdn.com/images/small/webp//productimg/512/512/10952617-5185058492509571.jpg","https://static.thcdn.com/images/small/webp//productimg/512/512/10952617-3895058538860378.jpg","https://static.thcdn.com/images/small/webp//productimg/512/512/10952617-5655058508863054.jpg",
"Aramis Aramis Eau de Toilette Spray 240ml","£45.00","76.5","240ml","Aramis eau de toilette spray for men is a woody and aromatic perfume, opening with top notes of aldehydes, artemsia, gardenia and bergamot, blending with a heart of patchouli, sage, orris root and cardamom, all of which sits on top of a smooth base of leather, sandalwood, amber and musk.

Fragrance Direct customers are big fans of the Aramis collection of perfumes and toiletries, and this Aramis eau de toilette spray for men is sure to become a popular purchase for its intense and masculine aroma that makes it the perfect perfume for evening occasions.

Aramis is a branch of perfumes and toiletries that is part of Estee Lauder, one of the biggest beauty brands in the world. Aramis was founded in 1964, and specialised in producing perfumes and other grooming products for men. Today, Aramis continues to be an ever popular brand of male perfumes under the Estee Lauder umbrella.

Please note: We are unable to ship fragrances over 150ml outside of the UK.","Aramis","Aramis","",https://www.fragrancedirect.co.uk/aramis-aramis-eau-de-toilette-spray-240ml/14583875.html,"https://static.thcdn.com/images/small/webp//productimg/512/512/14583875-7975056862784810.jpg",
"Armaf Club De Nuit Intense Man Eau de Parfum Spray 200ml","£54.40","92.47999999999999","200ml","A sophisticated masculine fragrance with bold tones of citrus, wood and spice. Club De Nuit Intense Man invites a fresh head of lemon, bergamot, pineapple, apple and blackcurrant. The heart features distinctive elements of birch, rose and jasmine. A final accord combines ambergris, musk, vanilla and patchouli.","Club De Nuit Intense Man","Armaf","",https://www.fragrancedirect.co.uk/armaf-club-de-nuit-intense-man-eau-de-parfum-spray-200ml/14603591.html,"https://static.thcdn.com/images/small/webp//productimg/512/512/14603591-7845056697060466.jpg","https://static.thcdn.com/images/small/webp//productimg/512/512/14603591-4325058638681490.jpg",
"Lacoste L.12.12 Blanc Eau de Toilette Spray 100ml","£44.80","76.16","100ml","L.12.12 Blanc Eau de Toilette, inspired by the iconic Lacoste polo shirt, reveals a confident and agile masculinity. Reinvent the rules of the game thanks to the freshness of this crisp scent. Juicy grapefruit and spicy cardamom mix with vetiver and soft suede, culminating in a sense of cool elegance and comfort. Perfumer: Olivier Pescheux","L.12.12 Blanc","Lacoste","",https://www.fragrancedirect.co.uk/lacoste-l-12-12-blanc-eau-de-toilette-spray-100ml/15016798.html,"https://static.thcdn.com/images/small/webp//productimg/512/512/15016798-1905136694956099.jpg","https://static.thcdn.com/images/small/webp//productimg/512/512/15016798-1355136694983387.jpg","https://static.thcdn.com/images/small/webp//productimg/512/512/15016798-1225136695009034.jpg","https://static.thcdn.com/images/small/webp//productimg/512/512/15016798-5505136695044860.jpg","https://static.thcdn.com/images/small/webp//productimg/512/512/15016798-1575136695075388.jpg",
"Calvin Klein Man Eau de Toilette 100ml","£23.00","39.1","100ml","Man Eau de Toilette captures the essence of the modern Calvin Klein man. Bursting with crisp freshness, exotic spices, and rich woods. Sexy and stylish, it embodies the simplicity of contemporary luxury and style.

A fragrance built on rich, earthy notes. Exotic cypress wood, guaiac wood, and amberwood set the tone. Bay, nutmeg, and incense layer the scent, culminating with top notes of rosemary, mandarin, and violet leaf. Fresh and bright, yet complex and deep. Minimalism with meaning.

A fragrance for modern men who appreciate the rich, happy simplicity of a minimalist lifestyle. The ease of """"less is more,"""" where the purity of single ingredients carries the intended message. A scent that celebrates introspection, for men who know exactly what they want.

Fragrance Family: Woody
Top Notes: Rosemary, mandarin, bergamot, violet leaf
Heart Notes: Bay leaves, nutmeg, incense, spearmint
Base Notes: Cypress wood, guaiac wood, amberwood, musk","Man","Calvin Klein","",https://www.fragrancedirect.co.uk/calvin-klein-man-eau-de-toilette-100ml/13935361.html,"https://static.thcdn.com/images/small/webp//productimg/512/512/13935361-1395056816335855.jpg","https://static.thcdn.com/images/small/webp//productimg/512/512/13935361-1465058627248253.jpg","https://static.thcdn.com/images/small/webp//productimg/512/512/13935361-4315058491350662.jpg",
"Yardley Urbane Eau de Parfum Spray 100ml","£13.30","22.61","100ml","Yardley Gentleman Urbane Eau de Toilette Spray 100ml is a flamboyant, dynamic fragrance with a blend of bergamot and lavender on top, followed by masculine notes of thyme and tarragon, settling into a rich dry down of sandalwood, patchouli and musk.","Urbane","Yardley","",https://www.fragrancedirect.co.uk/yardley-urbane-eau-de-parfum-spray-100ml/14188988.html,"https://static.thcdn.com/images/small/webp//productimg/512/512/14188988-8045061563975721.jpg",
"Perfumer's Choice No. 10 Mojo Eau de Parfum Spray 83ml","£13.65","23.205","83ml","DISTINCTIVE, WARM AND EXOTIC. For a men's fragrance that blends fresh, aromatic notes with a popular woody base, we've designed Mojo. Indulge in amber, oud and tonka beans with this amber perfume for men.","No. 10 Mojo","Perfumer's Choice","",https://www.fragrancedirect.co.uk/perfumers-choice-no-10-mojo-eau-de-parfum-spray-83ml/14628387.html,"https://static.thcdn.com/images/small/webp//productimg/512/512/14628387-8185086098085602.jpg","https://static.thcdn.com/images/small/webp//productimg/512/512/14628387-1505086098054831.jpg","https://static.thcdn.com/images/small/webp//productimg/512/512/14628387-1215086097644194.jpg",
"Moschino Uomo? Eau de Toilette Spray 125ml","£21.10","35.870000000000005","125ml","UOMO? That's the question! A fresh and fragrant scent to reawaken the sense of smell of modern man who's increasingly perplexed in a society that questions roles and genres, that prefers a nice guy attitude to a tough guy stance, that favours the brain builder over the body-builder. Through the question mark of UOMO?, Moschino's men's fragrance exemplifies a cultural doubt that crosses, like a sceptical shiver, through the entire concept of virility in traditional men's perfumes. UOMO? comes in a bottle resembling a whisky flask that deliberately evokes an almost cinematographic citation of masculinity.

Fresh and sparkling top notes of coriander grains, kumquat, new hedione and rosewood give way to a heart of cyclamen, cinnamon leaves and clary sage. Base notes of cedarwood, artemisia, sunlight accord, amber wood and musk round out this intriguing Aromatic/Floral/Musk fragrance.Moschino Uomo is a musky fragrance of cedar wood and fruit.","Uomo?","Moschino","125ml",https://www.fragrancedirect.co.uk/moschino-uomo-eau-de-toilette-spray-125ml/11082870.html,"https://static.thcdn.com/images/small/webp//productimg/512/512/11082870-1505061537347223.jpg","https://static.thcdn.com/images/small/webp//productimg/512/512/11082870-1295058491847012.jpg","https://static.thcdn.com/images/small/webp//productimg/512/512/11082870-2455058495233151.jpg",
"Armani Acqua Di Giò Parfum 75ml","£85.50","145.35","75ml","Giorgio Armani introduces Acqua di Giò Parfum: a deep & intense freshness, now refillable on all formats. The powerful fragrance is distinguished by its incense notes, which bring an incandescent intensity to the emblematic marine notes of Acqua di Giò. The result is a charismatic, vibrant fragrance with an aura of mystery, that is representative of a rugged landscape meeting the ocean's strength and immensity.","Acqua Di Gio Homme","Armani","75ml",https://www.fragrancedirect.co.uk/armani-acqua-di-gio-parfum-75ml/14605837.html,"https://static.thcdn.com/images/small/webp//productimg/512/512/14605837-1915136413210739.jpg","https://static.thcdn.com/images/small/webp//productimg/512/512/14605837-7335136413225700.jpg","https://static.thcdn.com/images/small/webp//productimg/512/512/14605837-1455136413249322.jpg","https://static.thcdn.com/images/small/webp//productimg/512/512/14605837-1965136413270064.jpg","https://static.thcdn.com/images/small/webp//productimg/512/512/14605837-1605136413288058.jpg","https://static.thcdn.com/images/small/webp//productimg/512/512/14605837-9815136413309691.jpg",
"Davidoff Cool Water Intense Man Eau de Parfum Spray 75ml","£25.00","42.5","75ml","Cool Water Intense, Davidoff, Eau de Parfum. Discover the Intense freshness from the sea.

Davidoff, for the first time has revisited Cool Water's freshness with an ethically sourced ingredient: the green mandarin. This handpicked citrus was harvested by a community in the Vale Do Caí in Brazil, as part of a sustainable sourcing partnership monitored by the perfume creator.","Cool Water Intense Man","Davidoff","75ml",https://www.fragrancedirect.co.uk/davidoff-cool-water-intense-man-eau-de-parfum-spray-75ml/12191033.html,"https://static.thcdn.com/images/small/webp//productimg/512/512/12191033-1705056704277278.jpg","https://static.thcdn.com/images/small/webp//productimg/512/512/12191033-3735058617683272.jpg","https://static.thcdn.com/images/small/webp//productimg/512/512/12191033-3415058494637801.jpg",
"Bentley For Men Intense Eau de Parfum Spray 100ml","£26.95","45.815","100ml","Bentley for Men Intense Eau de Parfum 100ml is a rugged and masculine scent that’s perfect for special occasions. With strong leather and woody tones, this memorable Bentley aftershave will be the ideal addition to any line-up.

Enjoy notes of cinnamon, black pepper, incense, and sandalwood with every spray of this Bentley for Men fragrance. The amber liquid and silver detailed bottle means this Bentley aftershave is a stylish gift too.

Notes: bergamot, black pepper, bay leaf, sage, geranium, cinnamon, rum, woods, leather, benzoin, incense, cedar, patchouli","For Men Intense","Bentley","",https://www.fragrancedirect.co.uk/bentley-for-men-intense-eau-de-parfum-spray-100ml/14580534.html,"https://static.thcdn.com/images/small/webp//productimg/512/512/14580534-7655061546276123.jpg","https://static.thcdn.com/images/small/webp//productimg/512/512/14580534-1145058630295095.jpg","https://static.thcdn.com/images/small/webp//productimg/512/512/14580534-1155058503187654.jpg",
"Davidoff Cool Water Intense Man Eau de Parfum Spray 125ml","£35.00","59.5","125ml","Cool Water Intense, Davidoff, Eau de Parfum. Discover the Intense freshness from the sea.

Davidoff, for the first time has revisited Cool Water's freshness with an ethically sourced ingredient: the green mandarin. This handpicked citrus was harvested by a community in the Vale Do Caí in Brazil, as part of a sustainable sourcing partnership monitored by the perfume creator.","Cool Water Intense Man","Davidoff","125ml",https://www.fragrancedirect.co.uk/davidoff-cool-water-intense-man-eau-de-parfum-spray-125ml/12191034.html,"https://static.thcdn.com/images/small/webp//productimg/512/512/12191034-2035056704307224.jpg","https://static.thcdn.com/images/small/webp//productimg/512/512/12191034-4595058617730444.jpg","https://static.thcdn.com/images/small/webp//productimg/512/512/12191034-9915058494678325.jpg",
"HUGO BOSS BOSS No1 Eau de Toilette 100ml","£31.90","54.23","100ml","This fragrance is for the man who never settles for less than the best, opening with fresh, invigorating nutmeg and cardamom, fused with a heart of patchouli and sandalwood. Warm and enticing balsamic accords complete the distinctive fragrance. Introduce a deeper character to your scent collection with this aromatic spray.","BOSS No1","HUGO BOSS","",https://www.fragrancedirect.co.uk/hugo-boss-no1-eau-de-toilette-100ml/14271504.html,"https://static.thcdn.com/images/small/webp//productimg/512/512/14271504-1555061521858445.jpg","https://static.thcdn.com/images/small/webp//productimg/512/512/14271504-1245058626309118.jpg","https://static.thcdn.com/images/small/webp//productimg/512/512/14271504-8445058498651153.jpg","https://static.thcdn.com/images/small/webp//productimg/512/512/14271504-1685058494153586.jpg","https://static.thcdn.com/images/small/webp//productimg/512/512/14271504-1105058512928819.jpg",
"Carolina Herrera 212 VIP Men Eau de Toilette Spray 200ml","£65.95","112.115","200ml","Carolina Herrera 212 VIP Men Eau de Toilette emits a vibrant, sophisticated scent that makes you the life and soul of any occasion. The woody men’s fragrance has become popular with Fragrance Direct customers thanks to its rich, masculine aroma and unique notes blend.

The fragrance opens with top notes of lime and caviar, then blends into a heart of chilled vodka and frozen mint. 212 VIP men finishes with a smooth base of leather and woody accords.

Venezuelan-born Carolina Herrera was a late starter in the fashion industry, launching her luxury clothing company when she was 40 years old in 1980. She was known as one of the best-dressed women in the world during this era and later famously styled former First Lady Jackie Kennedy.

Notes: passionfruit, lime, pepper, ginger, vodka, gin, mint, spices, amber, leather, woody aromas.

Please note: We are unable to ship fragrances over 150ml outside of the UK.","212 VIP Men","Carolina Herrera","",https://www.fragrancedirect.co.uk/carolina-herrera-212-vip-men-eau-de-toilette-spray-200ml/14604926.html,"https://static.thcdn.com/images/small/webp//productimg/512/512/14604926-1905056801031835.jpg","https://static.thcdn.com/images/small/webp//productimg/512/512/14604926-1535058666594738.jpg","https://static.thcdn.com/images/small/webp//productimg/512/512/14604926-7285058465118959.jpg","https://static.thcdn.com/images/small/webp//productimg/512/512/14604926-6225058531954528.jpg","https://static.thcdn.com/images/small/webp//productimg/512/512/14604926-2865058523320981.jpg",
"Cerruti 1881 Pour Homme Eau de Toilette Spray 100ml","£28.50","48.449999999999996","100ml","Nino Cerruti 1881 Pour Homme Eau de Toilette spray for men is a light, fruity fragrance, opening with top notes of rose, berry, spices, lavender and lemon, flowing into a heart of blackberry extract, ginkgo and clove, atop a smooth base of sandalwood, musk and saffron.","1881 Pour Homme","Cerruti","",https://www.fragrancedirect.co.uk/cerruti-1881-pour-homme-eau-de-toilette-spray-100ml/14703322.html,"https://static.thcdn.com/images/small/webp//productimg/512/512/14703322-5615056834229370.jpg","https://static.thcdn.com/images/small/webp//productimg/512/512/14703322-1515058654916317.jpg","https://static.thcdn.com/images/small/webp//productimg/512/512/14703322-2865058471022443.jpg",
"Rabanne Pure XS Eau de Toilette 50ml","£36.95","62.815000000000005","50ml","Pure XS Eau de Toilette for men by Rabanne, raises the tension and disorients the senses. Expect the unexpected. A fresh scent, with notes of ginger and sweet vanilla.","Pure XS","Rabanne","50ml",https://www.fragrancedirect.co.uk/rabanne-pure-xs-eau-de-toilette-50ml/13971046.html,"https://static.thcdn.com/images/small/webp//productimg/512/512/13971046-1085061552592239.jpg","https://static.thcdn.com/images/small/webp//productimg/512/512/13971046-2285058629505504.jpg",
"Laurelle Executive Man Aqua Eau de Toilette Spray 100ml","£9.95","16.915","100ml","Laurelle Executive Man Aqua is a crisp, spicy fragrance for the modern man","Executive Man Aqua","Laurelle","",https://www.fragrancedirect.co.uk/laurelle-executive-man-aqua-eau-de-toilette-spray-100ml/14577701.html,"https://static.thcdn.com/images/small/webp//productimg/512/512/14577701-1355056861115943.jpg","https://static.thcdn.com/images/small/webp//productimg/512/512/14577701-1645058629585148.jpg","https://static.thcdn.com/images/small/webp//productimg/512/512/14577701-1875058502854723.jpg",
"Tommy Hilfiger Impact Eau de Toilette Spray 100ml Gift Set","£43.50","73.95","100ml","For those who dare to dream and those who strive to do, Impact Eau de Toilette is a woody aromatic scent for men who are ready to take on the world. Supported by striking citrus, smoky aromatics and a trio of precious wood notes, Impact empowers the next generation of visionaries through a captivating coca leaf accord and balancing Akigalawood®, a spicy, woody extract of patchouli. Bold and dynamic, Impact awakens the senses and encourages you to go after your own great story. It's time to go for Impact.

Set includes:
- Tommy Hilfiger Tommy Impact Eau de Toilette Spray 100ml
- Tommy Hilfiger Tommy Impact Eau de Toilette Spray 4ml
- Tommy Hilfiger Tommy Impact Hair & Body Wash 100ml","Impact","Tommy Hilfiger","",https://www.fragrancedirect.co.uk/tommy-hilfiger-impact-eau-de-toilette-spray-100ml-gift-set/14883555.html,"https://static.thcdn.com/images/small/webp//productimg/512/512/14883555-3985103732831777.jpg","https://static.thcdn.com/images/small/webp//productimg/512/512/14883555-1485103732864276.jpg",
"Rabanne Pour Homme Eau de Toilette 100ml","£49.95","84.915","100ml","The Rabanne Pour Homme aftershave provides a feeling of comfort and freshness to the skin while leaving it delicately scented. The aftershave prolongs and enhances the experience of the aromatic fern notes in this classic Rabanne signature scent.","Pour Homme","Rabanne","100ml",https://www.fragrancedirect.co.uk/rabanne-pour-homme-eau-de-toilette-100ml/10952589.html,"https://static.thcdn.com/images/small/webp//productimg/512/512/10952589-3495061534589227.jpg",
"JOOP! Homme Wild Eau de Toilette Spray 125ml","£23.45","39.864999999999995","125ml","Joop! Homme Wild Eau de Toilette is a bold and unreserved perfume for men with many contrasts. Inspired by a raw virility spirit, Joop! Wild runs free. The man who wears it is instinctively sexy and his perfume triggers an instant and irresistible attraction.

A hot and vibrant base note of woody blond tobacco, brings warmth and sensuality to the Rum and gives JOOP! Homme Wild a velvety softness. In contrast with this voluptuousness, the sparkling top notes of pink pepper add a very dynamic and masculine touch.","Homme Wild","JOOP!","",https://www.fragrancedirect.co.uk/joop-homme-wild-eau-de-toilette-spray-125ml/14576781.html,"https://static.thcdn.com/images/small/webp//productimg/512/512/14576781-1515061545847666.jpg","https://static.thcdn.com/images/small/webp//productimg/512/512/14576781-1215058629303721.jpg","https://static.thcdn.com/images/small/webp//productimg/512/512/14576781-1985058502733484.jpg",
"Calvin Klein Euphoria Men Eau de Toilette 100ml","£34.95","59.415000000000006","100ml","Tempting, exciting, and daring. Euphoria for Men is an Eau de Toilette that personifies masculine sensuality. Euphoria brings the promise of unforgettable memories, awakening the spirit and inspiring new experiences.

Intensely luxurious, Euphoria Eau de Toilette is a rich fragrance that opens with spicy ginger and pepper alongside chilled sudachi accord. An exciting blend of black basil and cedar leaf envelops the scent further, layered with creamy suede accord and Brazilian redwood. Addictive patchouli accord finishes the fragrance and leaves you wanting more.

Euphoria embodies masculine sensuality and strength. Approachable, warm, and seductive. A fragrance that is naturally charismatic.

Fragrance Family: Aromatic
Top Notes: Ginger Pepper Cocktail, Raindrop Accord, Chilled Sudachi Accord
Heart Notes: Black Basil, Cedar Leaf, Hydroponic Sage
Base Notes: Creamy Suede Accord, Addictive Patchouli Accord, Brazilian Redwood, Solid Amber Accord","Euphoria Men","Calvin Klein","",https://www.fragrancedirect.co.uk/calvin-klein-euphoria-men-eau-de-toilette-100ml/12872606.html,"https://static.thcdn.com/images/small/webp//productimg/512/512/12872606-5755061551395818.jpg","https://static.thcdn.com/images/small/webp//productimg/512/512/12872606-1495058523187973.jpg","https://static.thcdn.com/images/small/webp//productimg/512/512/12872606-1505058492202536.jpg",
"Armaf Club De Nuit Intense Man Eau de Parfum Spray 30ml","£23.95","40.714999999999996","30ml","A sophisticated masculine fragrance with bold tones of citrus, wood and spice. Club De Nuit Intense Man invites a fresh head of lemon, bergamot, pineapple, apple and blackcurrant. The heart features distinctive elements of birch, rose and jasmine. A final accord combines ambergris, musk, vanilla and patchouli.","Club De Nuit Intense Man","Armaf","",https://www.fragrancedirect.co.uk/armaf-club-de-nuit-intense-man-eau-de-parfum-spray-30ml/14605575.html,"https://static.thcdn.com/images/small/webp//productimg/512/512/14605575-6905061559830225.jpg","https://static.thcdn.com/images/small/webp//productimg/512/512/14605575-1205058663779298.jpg","https://static.thcdn.com/images/small/webp//productimg/512/512/14605575-1325058480999441.jpg",
"JOOP! Go Eau de Toilette Spray 200ml","£30.15","51.254999999999995","200ml","Masculine and fashionable, Joop Go Eau de Toilette is a woody aromatic men's fragrance which invigorates and refreshes the wearer. A bold scent, Joop Go is a mix of top notes of Rhubarb, Pimento and Bitter Orange, heart notes are Cypress, Violet and Bourbon Geranium and base notes of Musk and Balsam Fir.

Joop Go comes in a bright green glass bottle and is a must have fragrance for men who appreciate bold, distinctive fragrances with a natural aroma.

Please note: We are unable to ship fragrances over 150ml outside of the UK.","Go","JOOP!","",https://www.fragrancedirect.co.uk/joop-go-eau-de-toilette-spray-200ml/12947149.html,"https://static.thcdn.com/images/small/webp//productimg/512/512/12947149-1065061541443561.jpg",
"Armaf Club De Nuit Urban Man Elixir Eau de Parfum Spray 10ml","£7.95","13.515","10ml","The new vision of masculinity","Club De Nuit Urban Man Elixir","Armaf","",https://www.fragrancedirect.co.uk/armaf-club-de-nuit-urban-man-elixir-eau-de-parfum-spray-10ml/15238284.html,"https://static.thcdn.com/images/small/webp//productimg/512/512/15238284-2725128620517218.jpg","https://static.thcdn.com/images/small/webp//productimg/512/512/15238284-5105128620530949.jpg",
"JOOP! Jump Eau de Toilette Spray 200ml","£35.00","59.5","200ml","Joop! Jump EDT Spray is an Aromatic Fougere fragrance for men, representing the new millennium a fresh and invigorating fragrance for easy going, modern men. It is fruity blend of Grapefruit, Caraway and Rosemary top notes, heart notes of Heliotrope and Coriander and base notes of Vetiver, Tonka Bean and Musk. Joop! Jump is reminiscent of frozen vodka a sexy and refreshing scent for men.

Joop! Jump EDT Spray comes in a smooth blue glass bottle. A modern and intense fragrance for men, it is perfect for everyday wear.

Please note: We are unable to ship fragrances over 150ml outside of the UK.","Jump","JOOP!","",https://www.fragrancedirect.co.uk/joop-jump-eau-de-toilette-spray-200ml/14578582.html,"https://static.thcdn.com/images/small/webp//productimg/512/512/14578582-1345056861412898.jpg",
"Hollister Wave for Him Eau de Toilette 100ml","£18.00","30.599999999999998","100ml","Confident and spirited, Hollister Wave for Him takes its inspiration from the fresh energy of his lifestyle. This fragrance is made for an effortlessly cool guy with a laid-back attitude.","Wave For Him","Hollister","100ml",https://www.fragrancedirect.co.uk/hollister-wave-for-him-eau-de-toilette-spray-100ml/12611924.html,"https://static.thcdn.com/images/small/webp//productimg/512/512/12611924-1315134091638311.jpg","https://static.thcdn.com/images/small/webp//productimg/512/512/12611924-1955134091667687.jpg","https://static.thcdn.com/images/small/webp//productimg/512/512/12611924-1235134076990388.jpg",
"Laurelle Code Red Eau de Toilette Spray 100ml","£9.95","16.915","100ml","Code Red by Laurelle is marked with a decisive cut of marine and citrus energy. A crest of grapefruit and ozone notes create a fresh and liberating flavour. The heart brings bay leaf and jasmine for a sweet aromatic touch. The base concludes with smooth patchouli and oakmoss.","Code Red","Laurelle","",https://www.fragrancedirect.co.uk/laurelle-code-red-eau-de-toilette-spray-100ml/14604555.html,"https://static.thcdn.com/images/small/webp//productimg/512/512/14604555-3875056705656036.jpg","https://static.thcdn.com/images/small/webp//productimg/512/512/14604555-3685058660940971.jpg","https://static.thcdn.com/images/small/webp//productimg/512/512/14604555-1715058462624054.jpg",
"Armaf Club De Nuit Intense Man Eau de Toilette Spray 10ml","£7.95","13.515","10ml","Explore your wild side with Club De Nuit Intense Man, a sophisticated masculine fragrance that is designed to captivate and tantalise. This bold scent is a perfect balance of citrus, wood and spice that will have you ready to take on the night.","Club De Nuit Intense Man","Armaf","",https://www.fragrancedirect.co.uk/armaf-club-de-nuit-intense-man-eau-de-toilette-spray-10ml/15238280.html,"https://static.thcdn.com/images/small/webp//productimg/512/512/15238280-1415129221066626.jpg","https://static.thcdn.com/images/small/webp//productimg/512/512/15238280-2885129221087170.jpg",
"Calvin Klein CK One Gold Eau de Toilette 100ml","£25.00","42.5","100ml","CK One Gold is a bold and unapologetic fragrance made to stand out. Unconstrained by traditional gender norms, it fuses the energy of all sexes into a fragrance that is singularly captivating. Demanding attention and bursting with confidence - a liquid gold for everyone.

Embodying the allure of radiant youth. An energetic freshness of fig is followed by a bright heart of neroli and layered with vibrant, sensual vetiver.

A daring, confident fragrance that transcends time, place, and gender.","CK One Gold","Calvin Klein","100ml",https://www.fragrancedirect.co.uk/calvin-klein-ck-one-gold-eau-de-toilette-100ml/11321437.html,"https://static.thcdn.com/images/small/webp//productimg/512/512/11321437-1845061543846891.jpg","https://static.thcdn.com/images/small/webp//productimg/512/512/11321437-1455058491694426.jpg","https://static.thcdn.com/images/small/webp//productimg/512/512/11321437-1055058501507858.jpg",
"Armaf Club De Nuit Urban Man Elixir Eau de Parfum Spray 105ml","£39.70","67.49000000000001","105ml","The new vision of masculinity

The man of today who embraces machismo and expresses how he presents himself to the world.

Top Notes: Bergamot, Pink Pepper, Orange Blossom, Jasmine
Middle Notes: Lavender, Tagetes, Geranium, Vetiver, Elemi, Saffron
Base Notes: Ambroxan, Amber, Patchouli, Cedar, Labdanum","Club De Nuit Urban Man Elixir","Armaf","",https://www.fragrancedirect.co.uk/armaf-club-de-nuit-urban-man-elixir-eau-de-parfum-spray-105ml/14605597.html,"https://static.thcdn.com/images/small/webp//productimg/512/512/14605597-1575056811008581.jpg","https://static.thcdn.com/images/small/webp//productimg/512/512/14605597-1455058664493514.jpg","https://static.thcdn.com/images/small/webp//productimg/512/512/14605597-3685058481214292.jpg",
"HUGO BOSS BOSS The Scent For Him Eau de Toilette Spray 100ml Gift Set","£69.00","117.3","100ml","Give him a unique gift this Christmas season, with the irresistible BOSS The Scent Eau de Toilette giftset. Inspired by the new BOSS identity, this giftset is the ultimate gift for your loved ones.","Christmas 2023","HUGO BOSS","Eau de Toilette:100ml / Travel Spray 10ml / Shower Gel:100ml",https://www.fragrancedirect.co.uk/hugo-boss-boss-the-scent-for-him-eau-de-toilette-spray-100ml-gift-set/14872096.html,"https://static.thcdn.com/images/small/webp//productimg/512/512/14872096-4975090848867287.jpg","https://static.thcdn.com/images/small/webp//productimg/512/512/14872096-6025090848828389.jpg","https://static.thcdn.com/images/small/webp//productimg/512/512/14872096-7455090848793379.jpg",
"HUGO BOSS BOSS The Scent For Him Eau de Toilette Spray 100ml Gift Set","£69.00","117.3","100ml","Give him a unique gift this Christmas season, with the irresistible BOSS The Scent Eau de Toilette giftset. Inspired by the new BOSS identity, this giftset is the ultimate gift for your loved ones.","Christmas 2023","HUGO BOSS","Eau de Toilette:100ml / Travel Spray 10ml / Shower Gel:100ml",https://www.fragrancedirect.co.uk/hugo-boss-boss-the-scent-for-him-eau-de-toilette-spray-100ml-gift-set/14872096.html,"https://static.thcdn.com/images/small/webp//productimg/512/512/14872096-4975090848867287.jpg","https://static.thcdn.com/images/small/webp//productimg/512/512/14872096-6025090848828389.jpg","https://static.thcdn.com/images/small/webp//productimg/512/512/14872096-7455090848793379.jpg",
"Armaf Club De Nuit Urban Man Elixir Eau de Parfum Spray 105ml","£39.70","67.49000000000001","105ml","The new vision of masculinity

The man of today who embraces machismo and expresses how he presents himself to the world.

Top Notes: Bergamot, Pink Pepper, Orange Blossom, Jasmine
Middle Notes: Lavender, Tagetes, Geranium, Vetiver, Elemi, Saffron
Base Notes: Ambroxan, Amber, Patchouli, Cedar, Labdanum","Club De Nuit Urban Man Elixir","Armaf","",https://www.fragrancedirect.co.uk/armaf-club-de-nuit-urban-man-elixir-eau-de-parfum-spray-105ml/14605597.html,"https://static.thcdn.com/images/small/webp//productimg/512/512/14605597-1575056811008581.jpg","https://static.thcdn.com/images/small/webp//productimg/512/512/14605597-1455058664493514.jpg","https://static.thcdn.com/images/small/webp//productimg/512/512/14605597-3685058481214292.jpg",
"Armani Acqua Di Giò Pour Homme Eau de Toilette Spray 200ml","£96.00","163.2","200ml","Sensual, Fresh, Addictive","Acqua Di Gio Men","Armani","",https://www.fragrancedirect.co.uk/armani-acqua-di-gio-pour-homme-eau-de-toilette-spray-200ml/14595537.html,"https://static.thcdn.com/images/small/webp//productimg/512/512/14595537-1585105907689937.jpg","https://static.thcdn.com/images/small/webp//productimg/512/512/14595537-3195105907705171.jpg","https://static.thcdn.com/images/small/webp//productimg/512/512/14595537-6445105907718755.jpg","https://static.thcdn.com/images/small/webp//productimg/512/512/14595537-5985105907731700.jpg","https://static.thcdn.com/images/small/webp//productimg/512/512/14595537-1945058518776284.jpg",
"JOOP! Homme Eau de Parfum Spray 75ml","£24.80","42.16","75ml","JOOP! Homme crosses the limits of olfactive addiction with a new Eau de Parfum. Dark and resolutely mysterious, the fragrance for men reveals a sophisticated contrast.","Homme","JOOP!","",https://www.fragrancedirect.co.uk/joop-homme-eau-de-parfum-spray-75ml/14601443.html,"https://static.thcdn.com/images/small/webp//productimg/512/512/14601443-1455061554928300.jpg","https://static.thcdn.com/images/small/webp//productimg/512/512/14601443-1435058649888797.jpg","https://static.thcdn.com/images/small/webp//productimg/512/512/14601443-6905058526633596.jpg","https://static.thcdn.com/images/small/webp//productimg/512/512/14601443-1325058520178112.jpg",
"Lalique Encre Noire Eau de Toilette Spray 100ml","£27.50","46.75","100ml","Encre Noire by Lalique is an enigmatic fragrance, a tale told to a tenebrous, elegant man.It's a woody adventure with vetiver for a hero.A bold and generous wood scent.Sheathed in a bottle composed of exotic wood and black glass, evoking an ink bottle.","Encre Noire","Lalique","",https://www.fragrancedirect.co.uk/lalique-encre-noire-eau-de-toilette-spray-100ml/14271316.html,"https://static.thcdn.com/images/small/webp//productimg/512/512/14271316-1135071125656052.jpg","https://static.thcdn.com/images/small/webp//productimg/512/512/14271316-7035071125703560.jpg","https://static.thcdn.com/images/small/webp//productimg/512/512/14271316-1095071125753147.jpg",
"Montblanc Explorer Eau de Parfum 200ml","£99.90","169.83","200ml","Montblanc shares the same values as explorers, such as the relentless quest for excellence. Climbing summits, challenging conventions and exploring the four corners of the globe. From South Africa to Haiti, Italy, Germany or Indonesia; Montblanc Explorer invites explorers on a fantastic journey, giving them the opportunity to discover the rarest ingredients and manufacturing methods that combine craftsmanship with the latest technology.","Explorer","Montblanc","200ml",https://www.fragrancedirect.co.uk/montblanc-explorer-eau-de-parfum-spray-200ml/12720142.html,"https://static.thcdn.com/images/small/webp//productimg/512/512/12720142-2125133110647938.jpg","https://static.thcdn.com/images/small/webp//productimg/512/512/12720142-1715133110257287.jpg","https://static.thcdn.com/images/small/webp//productimg/512/512/12720142-6705133110294808.jpg","https://static.thcdn.com/images/small/webp//productimg/512/512/12720142-1845133110330055.jpg","https://static.thcdn.com/images/small/webp//productimg/512/512/12720142-1545133110360160.jpg","https://static.thcdn.com/images/small/webp//productimg/512/512/12720142-6875133110390505.jpg",
"Perfumer's Choice No. 9 Victor Eau de Parfum Spray 83ml","£14.00","23.8","83ml","FRESH, SENSUAL AND MASCULINE. An iconic male fragrance, №9 Victor has been carefully designed by our expert perfumers. Full of invigorating notes including apple, bergamot and pineapple, this perfume for men is refreshing, sensual and aromatic.","No. 9 Victor","Perfumer's Choice","",https://www.fragrancedirect.co.uk/perfumers-choice-no-9-victor-eau-de-parfum-spray-83ml/14628384.html,"https://static.thcdn.com/images/small/webp//productimg/512/512/14628384-9275086098067008.jpg","https://static.thcdn.com/images/small/webp//productimg/512/512/14628384-4465086097966679.jpg","https://static.thcdn.com/images/small/webp//productimg/512/512/14628384-1975086097607474.jpg",
"Tommy Hilfiger Tommy Man Eau de Toilette Spray 30ml","£15.50","26.349999999999998","30ml","This beautiful Tommy Hilfiger EDT provides you with the experience of the American dream, bursting with energy and enthusiasm. It contains base notes of cinnamon and apple pie, finishing with cranberry and tangy citrus.","Tommy Man","Tommy Hilfiger","30ml",https://www.fragrancedirect.co.uk/tommy-hilfiger-tommy-man-eau-de-toilette-spray-30ml/10548141.html,"https://static.thcdn.com/images/small/webp//productimg/512/512/10548141-2095061533163015.jpg","https://static.thcdn.com/images/small/webp//productimg/512/512/10548141-2095058496016382.jpg","https://static.thcdn.com/images/small/webp//productimg/512/512/10548141-1015058489654684.jpg","https://static.thcdn.com/images/small/webp//productimg/512/512/10548141-9205058526050864.jpg","https://static.thcdn.com/images/small/webp//productimg/512/512/10548141-2015058508236501.jpg",
"Hermes Terre D'Hermes Pure Perfume Spray 75ml","£89.99","152.98299999999998","75ml","A fantastic fragrance created in 2006, Terre D'Hermes is for the man who is a poet by nature, someone who sees the extraordinary in the ordinary. Terre D'Hermès contains a large amount of woody notes, including Atlas cedar. It's also a mix of grapefruit, effervescent orange, gunflint, silex, pepper, baies roses, geranium leaves, patchouli, vetiver and balm of benzoin.","Terre D'Hermes Pure Perfume","Hermes","75ml",https://www.fragrancedirect.co.uk/hermes-terre-dhermes-pure-perfume-spray-75ml/11194629.html,"https://static.thcdn.com/images/small/webp//productimg/512/512/11194629-8485118523540773.jpg","https://static.thcdn.com/images/small/webp//productimg/512/512/11194629-1845118523551489.jpg","https://static.thcdn.com/images/small/webp//productimg/512/512/11194629-2575118523566786.jpg",
"Jaguar Gold Men Eau de Toilette Spray 100ml","£14.70","24.99","100ml","The fresh, citrusy aroma of the jaguar classic gold fragrance is the perfect accessory for the active man who also has a taste for luxury and beauty . Launched in 2013 by the design house of jaguar, this addictive scent catches your attention with its lime and apple top notes that slowly make room for a heart of orange blossom. Patchouli and musk create a rich and delightful fragrance base that makes you feel refined as well as powerful.","Gold Men","Jaguar","",https://www.fragrancedirect.co.uk/jaguar-gold-men-eau-de-toilette-spray-100ml/14588094.html,"https://static.thcdn.com/images/small/webp//productimg/512/512/14588094-1455096566384068.jpg","https://static.thcdn.com/images/small/webp//productimg/512/512/14588094-7765096566416822.jpg","https://static.thcdn.com/images/small/webp//productimg/512/512/14588094-1975096566451970.jpg",
"Armaf Tag Him Eau de Parfum Spray 100ml","£22.50","38.25","100ml","Tag-Him by Armaf is a Woody Spicy fragrance for men. Top notes are Grapefruit, Lemon, Pink Pepper and Bergamot; middle notes are Ginger, Mint, Nutmeg and Lavender; base notes are Vetiver, Sandalwood, Patchouli and Cedar.","Tag Him","Armaf","",https://www.fragrancedirect.co.uk/armaf-tag-him-eau-de-parfum-spray-100ml/14271852.html,"https://static.thcdn.com/images/small/webp//productimg/512/512/14271852-2625056653840891.jpg","https://static.thcdn.com/images/small/webp//productimg/512/512/14271852-1805058627757332.jpg",
"Davidoff Cool Water Man Grapefruit and Sage Eau de Toilette Spray 125ml","£32.95","56.015","125ml","Discover Cool Water Grapefruit & Sage, the new limited edition Eau de Toilette for him, by Davidoff.

Experience the untamed freshness of the ocean, blended with a powerful duet of naturals. Be empowered by the zesty burst of generous grapefruit contrasting with the intense, aromatic trail of the sage. An exclusive fresh amber scent, crafted with 90% ingredients from natural origin and 100% vegan.

Answer the call of the ocean and dive into this new Cool Water limited edition.

Fragrance Family: Fresh
Top Note: Grapefruit
Heart Note: Clary Sage","Cool Water Man Grapefruit & Sage","Davidoff","",https://www.fragrancedirect.co.uk/davidoff-cool-water-man-grapefruit-and-sage-eau-de-toilette-spray-125ml/14604202.html,"https://static.thcdn.com/images/small/webp//productimg/512/512/14604202-5715056704194478.jpg","https://static.thcdn.com/images/small/webp//productimg/512/512/14604202-2445058654954342.jpg","https://static.thcdn.com/images/small/webp//productimg/512/512/14604202-1705058472216653.jpg","https://static.thcdn.com/images/small/webp//productimg/512/512/14604202-2025058529055454.jpg","https://static.thcdn.com/images/small/webp//productimg/512/512/14604202-1495058521849562.jpg",
"Burberry London For Men Eau de Toilette Spray 100ml","£59.95","101.915","100ml","Burberry London for Men Eau de Toilette Spray is the 150th-anniversary celebration scent from the iconic fashion house. A timeless fragrance designed to represent the classic English gentleman, Burberry London for Men boasts notes of bergamot, black pepper, and leather.","London For Men","Burberry","",https://www.fragrancedirect.co.uk/burberry-london-for-men-eau-de-toilette-spray-100ml/12044931.html,"https://static.thcdn.com/images/small/webp//productimg/512/512/12044931-4315061529177188.jpg",
"Versace L'Homme Eau de Toilette Spray 100ml","£26.50","45.05","100ml","Versace L'Homme Eau de Toilette is no ordinary fragrance for no ordinary man. It is an original; perfect if he is an original too. Stand out from the crowd with this sophisticated scent available from Fragrance Direct. Versace L'Homme boasts a captivating bouquet woods, balms and citrus; contrasting sensuality and sex appeal with a bright and colourful freshness.

Exotic Versace L'Homme Eau de Toilette is a harmonious blend of woods, amber balms and citrus notes; a cocktail of sophisticated, masculine flavours. It offers top notes of lemon, petit grain, basil and pimento, heart notes of cinnamon, cedar, patchouli, sandalwood and rose, with base notes of oakmoss, leather, labdanum, tonka and vanilla.

Versace was founded in 1978 by the late Gianni Versace and has become one of the best known fashion houses in the world. Many Versace fragrances have been launched and are recognisable by the Medusa Head logo that adorns all Versace's creations. Versace L'Homme is one of the bestselling Versace aftershaves with male customers of Fragrance Direct.","L'Homme","Versace","100ml",https://www.fragrancedirect.co.uk/versace-lhomme-eau-de-toilette-spray-100ml/11429114.html,"https://static.thcdn.com/images/small/webp//productimg/512/512/11429114-7005061534658170.jpg",
"Burberry London For Men Eau de Toilette Spray 100ml","£59.95","101.915","100ml","Burberry London for Men Eau de Toilette Spray is the 150th-anniversary celebration scent from the iconic fashion house. A timeless fragrance designed to represent the classic English gentleman, Burberry London for Men boasts notes of bergamot, black pepper, and leather.","London For Men","Burberry","",https://www.fragrancedirect.co.uk/burberry-london-for-men-eau-de-toilette-spray-100ml/12044931.html,"https://static.thcdn.com/images/small/webp//productimg/512/512/12044931-4315061529177188.jpg",
"Armaf Tag Him Eau de Parfum Spray 100ml","£22.50","38.25","100ml","Tag-Him by Armaf is a Woody Spicy fragrance for men. Top notes are Grapefruit, Lemon, Pink Pepper and Bergamot; middle notes are Ginger, Mint, Nutmeg and Lavender; base notes are Vetiver, Sandalwood, Patchouli and Cedar.","Tag Him","Armaf","",https://www.fragrancedirect.co.uk/armaf-tag-him-eau-de-parfum-spray-100ml/14271852.html,"https://static.thcdn.com/images/small/webp//productimg/512/512/14271852-2625056653840891.jpg","https://static.thcdn.com/images/small/webp//productimg/512/512/14271852-1805058627757332.jpg",
"Rabanne 1 Million Aftershave Lotion 100ml","£47.50","80.75","100ml","Rabanne's 1 Million After Shave Lotion for men who live life to extremes. Its seductive, spicy leather notes continue throughout the day, while also providing an invigorating, toning experience, combining sensuality with real masculinity.","1 Million","Rabanne","100ml",https://www.fragrancedirect.co.uk/rabanne-1-million-aftershave-lotion-100ml/10077805.html,"https://static.thcdn.com/images/small/webp//productimg/512/512/10077805-6655056666576593.jpg",
"Armani Stronger With You Eau de Toilette Spray 150ml","£74.00","125.8","150ml","Discover Emporio Armani's Stronger With You, the masculine fragrance that's warm, sensual and perfect for him. With its confident and alluring aroma, this eau de toilette features spicy top notes of cardamom, pink peppercorn and violet leaves, blended with the smoky vanilla jungle essence and the sugar-coated chestnut accord. An irresistible scent that radiates a masculine charm and easy nonchalance.

It's time to show your special someone just how strong you are together. Show them that you can be Stronger With You. With a scent that perfectly captures the essence of powerful love, you can show that your bond is unbreakable.

Feel the confidence of a fragrance that exudes strength and magnifies your bond. Let the notes of cardamom, pink peppercorn, and violet leaves lead you to a symphony of smoky vanilla and sugar-coated chestnuts.

Take your relationship to the next level by expressing your love with a scent that conveys your devotion. Show your special someone that you are Stronger With You when you're together. Make this your special moment and show them just how much they mean to you with Stronger With You - your new signature scent. #TOGETHERSTRONGER","Stronger With You","Armani","",https://www.fragrancedirect.co.uk/armani-stronger-with-you-eau-de-toilette-spray-150ml/14589799.html,"https://static.thcdn.com/images/small/webp//productimg/512/512/14589799-2635056863823944.jpg","https://static.thcdn.com/images/small/webp//productimg/512/512/14589799-2425058635942079.jpg","https://static.thcdn.com/images/small/webp//productimg/512/512/14589799-5815058510247452.jpg","https://static.thcdn.com/images/small/webp//productimg/512/512/14589799-8605058503668377.jpg","https://static.thcdn.com/images/small/webp//productimg/512/512/14589799-1385058517032603.jpg",
"Jean Paul Gaultier Le Male Aftershave Lotion 125ml","£50.45","85.765","125ml","This aftershave lotion from Jean Paul Gaultier Le Male is soothing and invigorating. It will leave the skin feeling fresh, toned and awake. The freshness of peppermint extract, lightly scented with the Le Male fragrance moisturises and nourishes skin soothing and calming razor burn.","Le Male","Jean Paul Gaultier","125ml",https://www.fragrancedirect.co.uk/jean-paul-gaultier-le-male-aftershave-lotion-125ml/11079386.html,"https://static.thcdn.com/images/small/webp//productimg/512/512/11079386-1945061543523755.jpg",
"Missoni Parfum Pour Homme Eau de Parfum Spray 50ml","£24.75","42.074999999999996","50ml","Following a lengthy absence from the male market, the Missoni Parfum Pour Homme marks Missoni's triumphant return with a masculine fragrance that simply exudes prestige.","Parfum Pour Homme","Missoni","50ml",https://www.fragrancedirect.co.uk/missoni-parfum-pour-homme-eau-de-parfum-spray-50ml/11599647.html,"https://static.thcdn.com/images/small/webp//productimg/512/512/11599647-1155056675169487.jpg","https://static.thcdn.com/images/small/webp//productimg/512/512/11599647-1785058488025966.jpg",
"Rabanne Invictus Eau de Toilette 100ml","£79.20","134.64000000000001","100ml","Invictus Eau de Toilette, the scent of victory. combines notes of fresh grapefruit, marine accord and guaiac wood. A phenomenal clash of biting freshness and woody aroma. Two forces combined for the ultimate clean fragrance.","Invictus","Rabanne","100ml",https://www.fragrancedirect.co.uk/rabanne-invictus-eau-de-toilette-100ml/10952559.html,"https://static.thcdn.com/images/small/webp//productimg/512/512/10952559-6915129221460865.jpg","https://static.thcdn.com/images/small/webp//productimg/512/512/10952559-1585129221481205.jpg","https://static.thcdn.com/images/small/webp//productimg/512/512/10952559-2565129221502367.jpg","https://static.thcdn.com/images/small/webp//productimg/512/512/10952559-6355129221531302.jpg",
"Iceberg Twice Homme Eau de Toilette Spray 125ml","£15.95","27.115","125ml","Iceberg Twice Homme is a fine blend of Lavender, Tarragon and lemon, with base notes of Mandarin, Geranium, Thyme, Cinnamon, Jasmine and Tonka. Hints of Vanilla, Patchouli and Sandal make this a very desireable fragrance","Twice Homme","Iceberg","",https://www.fragrancedirect.co.uk/iceberg-twice-homme-eau-de-toilette-spray-125ml/14574715.html,"https://static.thcdn.com/images/small/webp//productimg/512/512/14574715-7885124228570096.jpg","https://static.thcdn.com/images/small/webp//productimg/512/512/14574715-8935124228525132.jpg","https://static.thcdn.com/images/small/webp//productimg/512/512/14574715-7915124228548409.jpg",
"Montblanc Individuel Eau de Toilette 50ml","£24.75","42.074999999999996","50ml","Montblanc is one of the worlds most renowned luxury brands. This hundred-year-old brand has built its reputation as a symbol of tradition, status and of exclusivity. Montblanc fragrances are no exception, each fragrance is created with the same core values of elegance, precision and detail.","Individuel","Montblanc","50ml",https://www.fragrancedirect.co.uk/montblanc-individuel-eau-de-toilette-spray-50ml/10546648.html,"https://static.thcdn.com/images/small/webp//productimg/512/512/10546648-8665061539155128.jpg","https://static.thcdn.com/images/small/webp//productimg/512/512/10546648-1915058495364170.jpg",
"Armaf Club De Nuit Sillage Eau de Parfum Spray 105ml","£34.80","59.16","105ml","Club de Nuit Sillage is a sharp and commanding fragrance delivering outstanding strength and tenacity. It uncovers a crisp citrus opening with bergamot, lemon, lime, ginger, and violet leaf. The heart is composed of florals; jasmine, iris, and rose meld together for a passionate accord. The base indulges sandalwood, musk, ambroxan, and cedar.","Club De Nuit Sillage","Armaf","",https://www.fragrancedirect.co.uk/armaf-club-de-nuit-sillage-eau-de-parfum-spray-105ml/14271768.html,"https://static.thcdn.com/images/small/webp//productimg/512/512/14271768-6105056860932001.jpg","https://static.thcdn.com/images/small/webp//productimg/512/512/14271768-1165058627603576.jpg",
"Issey Miyake L’Eau d’Issey Pour Homme Vétiver Eau de Toilette Intense Spray 50ml Gift Set","£32.70","55.59","50ml","Xmas Giftset for men L'Eau d'Issey Pour Homme Vétiver Eau de Toilette Intense by Issey Miyake. Issey Miyake invites you to celebrate Xmas under the snow and wishes you a bright and beautiful holiday season.","L’Eau d’Issey Pour Homme Vétiver","Issey Miyake","Fragrance: 50ml / Shower Gel: 50ml / Shower Gel: 50ml",https://www.fragrancedirect.co.uk/issey-miyake-christmas-2023-leau-dissey-pour-homme-vetiver-eau-de-toilette-intense-spray-50ml-gift-set/14882655.html,"https://static.thcdn.com/images/small/webp//productimg/512/512/14882655-1735078886962397.jpg","https://static.thcdn.com/images/small/webp//productimg/512/512/14882655-1195078887016550.jpg","https://static.thcdn.com/images/small/webp//productimg/512/512/14882655-2845078887066698.jpg","https://static.thcdn.com/images/small/webp//productimg/512/512/14882655-1735078887122717.jpg","https://static.thcdn.com/images/small/webp//productimg/512/512/14882655-1885078887179306.jpg",
"Iceberg Twice Gold Eau de Toilette Spray 125ml","£15.95","27.115","125ml","Twice GOLD is the new cool luxury scent for the man who wants to live his life intensely and create golden memories.","Twice Gold","Iceberg","",https://www.fragrancedirect.co.uk/iceberg-twice-gold-eau-de-toilette-spray-125ml/15204513.html,"https://static.thcdn.com/images/small/webp//productimg/512/512/15204513-5375129222948184.jpg","https://static.thcdn.com/images/small/webp//productimg/512/512/15204513-8855129222970447.jpg","https://static.thcdn.com/images/small/webp//productimg/512/512/15204513-8915129222996013.jpg",
"Dolce&Gabbana Light Blue Pour Homme Eau de Toilette Spray 75ml Gift Set","£56.95","96.815","75ml","Light Blue Pour Homme is the quintessence of joy of life and seduction, capturing the energy of the beautiful and sunny Mediterranean sea.","Light Blue Pour Homme","Dolce&Gabbana","",https://www.fragrancedirect.co.uk/dolcegabbana-christmas-2023-light-blue-pour-homme-eau-de-toilette-spray-75ml-gift-set/14909898.html,"https://static.thcdn.com/images/small/webp//productimg/512/512/14909898-1825085348027039.jpg",
"Banana Republic Icon Collection Neroli Woods Eau de Parfum Spray 75ml","£25.00","42.5","75ml","Neroli Woods is a fresh and aromatic fragrance bringing together bright citruses and smooth woods. The top utilises the freshness of mandarin leaves. The heart features a pop of fresh neroli and solar notes. The base layers a warm and comforting amber accord.","Icon Collection","Banana Republic","",https://www.fragrancedirect.co.uk/banana-republic-icon-collection-neroli-woods-eau-de-parfum-spray-75ml/14594596.html,"https://static.thcdn.com/images/small/webp//productimg/512/512/14594596-1235056857035316.jpg",
"Pino Silvestre Pino Silvestre Eau de Toilette Spray 125ml","£13.00","22.099999999999998","125ml","Pino Silvestre the fragrance from Nature. Created in the fifties from a blend of twelve natural essential oils.","Pino Silvestre","Pino Silvestre","",https://www.fragrancedirect.co.uk/pino-silvestre-pino-silvestre-eau-de-toilette-spray-125ml/14575096.html,"https://static.thcdn.com/images/small/webp//productimg/512/512/14575096-3655056862488326.jpg","https://static.thcdn.com/images/small/webp//productimg/512/512/14575096-6435058624751698.jpg",
"Viktor & Rolf Spicebomb Infrared Eau de Parfum Spray 90ml","£86.40","146.88","90ml","Spicebomb Infrared, a blazing hot fragrance for men. Spicebomb Infrared was inspired by the intensity of a red habanero chili pepper with a sharp, piercing burn. Around this fiery pepper, red berry oil and tobacco, create a halo of blazing warmth and magnetism.","Spicebomb Infrared","Viktor & Rolf","",https://www.fragrancedirect.co.uk/viktor-and-rolf-spicebomb-infrared-eau-de-parfum-spray-90ml/14509948.html,"https://static.thcdn.com/images/small/webp//productimg/512/512/14509948-8535061539992521.jpg","https://static.thcdn.com/images/small/webp//productimg/512/512/14509948-1935058629370480.jpg","https://static.thcdn.com/images/small/webp//productimg/512/512/14509948-1405058500167422.jpg","https://static.thcdn.com/images/small/webp//productimg/512/512/14509948-6455058497093652.jpg","https://static.thcdn.com/images/small/webp//productimg/512/512/14509948-2095058514145013.jpg",
"Banana Republic Collezione Riservata Tuberose Overdose Eau de Parfum Spray 75ml","£28.00","47.6","75ml","Tuberose Overdose is an indulgent floral fragrance capturing white floral essences and woody chords. Black currant, ginger, and green apple create a sharp and fresh opening accord. The heart brings fields of tuberose, jasmine sambac, frangipani, tiare flower, and peony. The base is filled with ambrocenide, sandalwood, vanilla, praline, and precious woods.","Collezione Riservata","Banana Republic","",https://www.fragrancedirect.co.uk/banana-republic-collezione-riservata-tuberose-overdose-eau-de-parfum-spray-75ml/14605364.html,"https://static.thcdn.com/images/small/webp//productimg/512/512/14605364-1085056802911326.jpg",
"Versace Eros Eau de Parfum Spray 200ml","£107.10","182.07","200ml","Created by perfumer Olivier Pescheux, Eros Parfum expresses sensuality and power, an extreme force that represents a heroic and passionate man, much like Eros, the Greek god whose arrow can make you fall in love.

A fragrance with an element of charm that brings love, passion and seduction splendidly to the fore, Eros Parfum embodies excess and provocation. It has a signature that is not afraid to flaunt itself and reveal its extremes, with a stark contrast between the extremely citrusy and the extremely delicate.

Radiant and energetic top notes of Italian lemon and mandarin are entwined with spicy elemi, black pepper, and a unique twist of litsea cubeba. The heart gives way to a herbal trove of Pomarose, Geranium, Lavender, and Sage. Finally, a base of smooth benzoin, patchouli, and vanilla round out this Woody Amber Fresh parfum.

Top notes: Lemon, Mandarin, Litsea Cubeba, Elemi, Black Pepper
Heart notes: Pomarose, Geranium Oil, Lavender, Sage Oil
Base notes: Benzoin Resinoid, Patchouli and Vanilla

Please note: We are unable to ship fragrances over 150ml outside of the UK.","Eros","Versace","",https://www.fragrancedirect.co.uk/versace-eros-eau-de-parfum-spray-200ml/14271754.html,"https://static.thcdn.com/images/small/webp//productimg/512/512/14271754-6255061546702921.jpg","https://static.thcdn.com/images/small/webp//productimg/512/512/14271754-1155058627547593.jpg","https://static.thcdn.com/images/small/webp//productimg/512/512/14271754-1565058499397484.jpg",
"Tommy Hilfiger Tommy Hilfiger Eau de Toilette Spray 100ml","£26.75","45.475","100ml","Tommy’s effervescent wood base remains as fresh and modern today as it was in the ‘90s. The unmistakably All-American, energizing fragrance comes alive by fusing notes of Cape Cod cranberry, Texas yellow rose and Vermont Maplewood.

A fragrance so alive, it’s almost bubbly. Cape Cod Cranberry, Texas Yellow Rose and Vermont Maplewood represent handpicked American notes.","Tommy Hilfiger","Tommy Hilfiger","100ml",https://www.fragrancedirect.co.uk/tommy-hilfiger-tommy-hilfiger-eau-de-toilette-spray-100ml/11435937.html,"https://static.thcdn.com/images/small/webp//productimg/512/512/11435937-3115061546133593.jpg","https://static.thcdn.com/images/small/webp//productimg/512/512/11435937-2435058485356983.jpg","https://static.thcdn.com/images/small/webp//productimg/512/512/11435937-2445058502849089.jpg","https://static.thcdn.com/images/small/webp//productimg/512/512/11435937-1395058530534169.jpg",
"Armaf Club De Nuit Urban Man Elixir Eau de Parfum Spray 30ml","£19.95","33.915","30ml","The new vision of masculinity","Club De Nuit Urban Man Elixir","Armaf","",https://www.fragrancedirect.co.uk/armaf-club-de-nuit-urban-man-elixir-eau-de-parfum-spray-30ml/14605828.html,"https://static.thcdn.com/images/small/webp//productimg/512/512/14605828-1765061557426022.jpg","https://static.thcdn.com/images/small/webp//productimg/512/512/14605828-1325058669044751.jpg",
"Cerruti 1881 Pour Homme Eau de Toilette Spray 50ml","£22.50","38.25","50ml","Nino Cerruti 1881 Pour Homme eau de toilette spray for men is a light, fruity fragrance, opening with top notes of rose, berry, spices, lavender and lemon, flowing into a heart of blackberry extract, gingko and clove, atop a smooth base of sandalwood, musk and saffron.

Here at Fragrance Direct our customers love Nino Cerruti and their wonderful collection of fragrances and toiletries, and this Nino Cerruti 1881 Pour Homme eau de toilette spray for men is a big hit for its fresh, masculine scent that is ideal for casual wear.

Born in Italy in 1930, Nino Cerruti became head of the family textiles business after his fathers untimely death in the 50s. Using his experience of producing top quality fabrics, Nino decided to branch out into the clothing market. Nino Cerruti also produces a range of men's and women's fragrances, many of which incorporate the number 1881 into the title; the year in which Nino's grandfather established the family textile mill in Italy.","1881 Pour Homme","Cerruti","",https://www.fragrancedirect.co.uk/cerruti-1881-pour-homme-eau-de-toilette-spray-50ml/14575081.html,"https://static.thcdn.com/images/small/webp//productimg/512/512/14575081-4245056862436108.jpg","https://static.thcdn.com/images/small/webp//productimg/512/512/14575081-2145058624697032.jpg","https://static.thcdn.com/images/small/webp//productimg/512/512/14575081-2555058502252245.jpg","https://static.thcdn.com/images/small/webp//productimg/512/512/14575081-1785058501189495.jpg",
"Lacoste Red Eau de Toilette Spray 125ml","£47.50","80.75","125ml","Lacoste Red, a scent full of energy and tenacity. Feel the freshness of the green apple and pine tree, contrasting with the comfort of the patchouli notes, composing a dynamic fougere fruity fragrance for men. Perfumer: Annick Menardo","Red","Lacoste","",https://www.fragrancedirect.co.uk/lacoste-red-eau-de-toilette-spray-125ml/15016803.html,"https://static.thcdn.com/images/small/webp//productimg/512/512/15016803-2125136695567007.jpg","https://static.thcdn.com/images/small/webp//productimg/512/512/15016803-1345136695590368.jpg","https://static.thcdn.com/images/small/webp//productimg/512/512/15016803-3805136695616642.jpg","https://static.thcdn.com/images/small/webp//productimg/512/512/15016803-1015136695647338.jpg",
"Dolce&Gabbana K Eau de Parfum Spray 50ml Gift Set","£58.45","99.36500000000001","50ml","K by Dolce&Gabbana Eau de Parfum is a deep, intense iteration of the original Eau de Toilette. Made for the king of everyday life, allowing its wearer to express even deeper facets of his personality. With every spray unearth deep, woody, and spicy notes that add a new sensation of intensity.","K","Dolce&Gabbana","",https://www.fragrancedirect.co.uk/dolcegabbana-christmas-2023-k-eau-de-parfum-spray-50ml-gift-set/14909895.html,"https://static.thcdn.com/images/small/webp//productimg/512/512/14909895-9125085347928576.jpg",
"Dolce&Gabbana Light Blue Summer Vibes Eau de Toilette Spray 75ml","£61.20","104.04","75ml","The classic Light Blue Pour Homme fragrance meets the aromatic freshness of cypress.","Light Blue Summer Vibes","Dolce&Gabbana","75ml",https://www.fragrancedirect.co.uk/dolce-and-gabbana-light-blue-summer-vibes-eau-de-toilette-spray-75ml/14568079.html,"https://static.thcdn.com/images/small/webp//productimg/512/512/14568079-2465056807503417.jpg","https://static.thcdn.com/images/small/webp//productimg/512/512/14568079-2085058627850089.jpg","https://static.thcdn.com/images/small/webp//productimg/512/512/14568079-1335058501414312.jpg","https://static.thcdn.com/images/small/webp//productimg/512/512/14568079-2355058500106792.jpg","https://static.thcdn.com/images/small/webp//productimg/512/512/14568079-1355058515755866.jpg",
"Antonio Banderas Blue Seduction For Men Eau de Toilette Spray 200ml","£14.30","24.310000000000002","200ml","Antonio Banderas Blue Seduction Men. A modern, stylish and masculine fragrance that features bergamot, cassis, mint, melon, cardamom, nutmeg, ocean accord, apple, cappucino accord, oak moss, woods and musk.","Blue Seduction For Men","Antonio Banderas","",https://www.fragrancedirect.co.uk/antonio-banderas-blue-seduction-for-men-eau-de-toilette-spray-200ml/14597284.html,"https://static.thcdn.com/images/small/webp//productimg/512/512/14597284-1875057730564384.jpg",
"Montblanc Starwalker Eau de Toilette 50ml","£24.00","40.8","50ml","Montblanc is one of the worlds most renowned luxury brands. This hundred-year-old brand has built its reputation as a symbol of tradition, status and of exclusivity. Montblanc fragrances are no exception, each fragrance is created with the same core values of elegance, precision and detail.","Starwalker","Montblanc","50ml",https://www.fragrancedirect.co.uk/montblanc-starwalker-eau-de-toilette-spray-50ml/10546650.html,"https://static.thcdn.com/images/small/webp//productimg/512/512/10546650-9275061537063111.jpg","https://static.thcdn.com/images/small/webp//productimg/512/512/10546650-2125058495439272.jpg",
"Yardley Gentleman Classic Eau de Parfum Spray 100ml","£13.75","23.375","100ml","Yardley Gentleman Classic Eau de Toilette Spray 100ml - a modern, sophisticated fragrance opening with a fresh citrus and spicy blend of cardamom & black pepper interlaced with a soft heart of floral notes, resting on a luxurious accord of sandalwood, musk, amber and a sweet hint of white chocolate.","Gentleman Classic","Yardley","",https://www.fragrancedirect.co.uk/yardley-gentleman-classic-eau-de-parfum-spray-100ml/14188985.html,"https://static.thcdn.com/images/small/webp//productimg/512/512/14188985-1575061547319814.jpg",
"Colour Me Homme Black Eau de Parfum Spray 100ml","£13.75","23.375","100ml","Fresh, sensual and invigorating. Embrace your best self with colour me black, an invigorating fragrance designed for men. Bergamot and water fruits are followed by intense geranium and vanilla for a divine perfume for men.","Homme Black","Colour Me","",https://www.fragrancedirect.co.uk/colour-me-homme-black-eau-de-parfum-spray-100ml/14897242.html,"https://static.thcdn.com/images/small/webp//productimg/512/512/14897242-1505082515207508.jpg","https://static.thcdn.com/images/small/webp//productimg/512/512/14897242-1295082515220471.jpg","https://static.thcdn.com/images/small/webp//productimg/512/512/14897242-3225086098887355.jpg","https://static.thcdn.com/images/small/webp//productimg/512/512/14897242-1415086098367398.jpg",
"Yardley Legacy Gentleman Legacy Eau de Parfum 100ml","£13.95","23.715","100ml","Yardley Gentleman Legacy is for the stylish man with charisma and panache. This woody amber fragrance opens with crisp notes of pink pepper and mandarin revealing the rich heart of cedarwood and cocoa, settling to light patchouli and oak moss leaving behind its legacy for the wearer to own.","Legacy","Yardley","",https://www.fragrancedirect.co.uk/yardley-legacy-gentleman-legacy-eau-de-parfum-100ml/14188987.html,"https://static.thcdn.com/images/small/webp//productimg/512/512/14188987-1625061563952798.jpg","https://static.thcdn.com/images/small/webp//productimg/512/512/14188987-9215058625850082.jpg","https://static.thcdn.com/images/small/webp//productimg/512/512/14188987-1305058494050878.jpg","https://static.thcdn.com/images/small/webp//productimg/512/512/14188987-6085058489874608.jpg","https://static.thcdn.com/images/small/webp//productimg/512/512/14188987-1475058510509100.jpg",
"Yves Saint Laurent M7 Eau de Toilette Spray 80ml","£61.95","105.315","80ml","Yves Saint Laurent M7 eau de toilette natural spray for men is a warm and intense fragrance, opening with top notes of mandarin, which then blends with a heart of patchouli, all of which is rounded off with a base of oud wood, cistus and myrrh.

Here at Fragrance Direct we have an outstanding selection of fragrances and toiletries on offer, and our customers are big fans of this Yves Saint Laurent M7 eau de toilette natural spray for men for its raw and sensual aroma that is ideal for the desirable and dangerous man.

Yves Saint Laurent was born in the former French Algeria region in 1936, and moved to Paris at the age of 17, being hired as assistant to Christian Dior. Laurent was appointed head of the House of Dior after his death, then launched his own fashion label in 1961, and quickly forged a reputation as one of the most influential fashion designers in the world. The YSL product collection here at Fragrance Direct includes a whole host of fragrances and toiletries for both men and women.","M7","Yves Saint Laurent","80ml",https://www.fragrancedirect.co.uk/yves-saint-laurent-m7-eau-de-toilette-spray-80ml/11791486.html,"https://static.thcdn.com/images/small/webp//productimg/512/512/11791486-9575061547070103.jpg",
"Britney Spears Prerogative Eau de Parfum Spray 30ml","£12.50","21.25","30ml","“Prerogative is all about empowerment and confidence - we all deserve to feel free and fierce!"" - says Britney Spears.

Explore yourself and be who you want to be. Walk into a world where there’s room for your PREROGATIVE - where you’re free to live for your moment. Follow your instinct.

The fragrance composition is unusual and exotic. The scent opens with pink pepper, goji berries and apricot. The heart of the composition reveals a special accord of red calla lily, latex petals and espresso foam which are spiced up with soft saffron cream. The base is subtle, woody and warm, composed of sandalwood and amberwood.","Prerogative","Britney Spears","",https://www.fragrancedirect.co.uk/britney-spears-prerogative-eau-de-parfum-spray-30ml/14592673.html,"https://static.thcdn.com/images/small/webp//productimg/512/512/14592673-4575056856081556.jpg","https://static.thcdn.com/images/small/webp//productimg/512/512/14592673-7525058639323340.jpg","https://static.thcdn.com/images/small/webp//productimg/512/512/14592673-2065058512015775.jpg",
"Jean Paul Gaultier Scandal Pour Homme Le Parfum Eau de Parfum Spray 50ml","£67.75","115.175","50ml","The show must go on! Making his triumphant entrance to the cheers of the crowd, this boxing legend is back. Jean Paul Gaultier Scandal Pour Homme Le Parfum makes a champion of bravado simply oozing sex appeal. A new Eau de Parfum intense with an even sexier and more outrageous punch. Check out the theatrical case and black lacquered torso. Ready to knock you out with the first spray of this woody amber fragrance. A high-voltage performance right up to his victory.

A scandalously intense Eau de Parfum with warm woody notes.

Woody amber Eau de Parfum Intense by Quentin Bisch, Nathalie Cetto and Christophe Raynaud.

Scandal? This sexy boxer takes her by surprise. Knock ‘em for six with sweet geranium. Punch hard with an uppercut of delicious tonka bean. Finish with sensual sandalwood. His tactic always works! One little spray and it’s a knock-out. Overwhelmed by addictive woody amber notes. What a performance!

Ingredients: Alcohol Denat.0, Parfum (Fragrance), Aqua (Water), Limonene, Coumarin, Butyl Methoxydibenzoylmethane, Linalool, Benzyl Salicylate, Citronellol, Alpha-isomethyl Ionone, Citral, Cinnamal, Geraniol, Ci 60730 (Ext. Violet 2), Ci 19140 (Yellow 5), Ci 14700 (Red 4), Ci 42090 (Blue 1).","Scandal Pour Homme Le Parfum","Jean Paul Gaultier","50ml",https://www.fragrancedirect.co.uk/jean-paul-gaultier-scandal-pour-homme-le-parfum-eau-de-parfum-spray-50ml/13861774.html,"https://static.thcdn.com/images/small/webp//productimg/512/512/13861774-1985134079420643.jpg","https://static.thcdn.com/images/small/webp//productimg/512/512/13861774-8835134079445738.jpg","https://static.thcdn.com/images/small/webp//productimg/512/512/13861774-1585134079471463.jpg","https://static.thcdn.com/images/small/webp//productimg/512/512/13861774-5935134079498349.jpg","https://static.thcdn.com/images/small/webp//productimg/512/512/13861774-4155134079526102.jpg","https://static.thcdn.com/images/small/webp//productimg/512/512/13861774-1755134079550153.jpg",
"Armaf Club De Nuit Intense Man Limited Edition Parfum Spray 105ml","£67.95","115.515","105ml","A sophisticated masculine fragrance with bold tones of citrus, wood and spice. Club De Nuit Intense Man invites a fresh head of lemon, bergamot, pineapple, apple and blackcurrant. The heart features distinctive elements of birch, rose and jasmine. A final accord combines ambergris, musk, vanilla and patchouli.

This limited edition is presented in a collector's gift box with a special edition black chrome bottle.","Club De Nuit Intense Man","Armaf","",https://www.fragrancedirect.co.uk/armaf-club-de-nuit-intense-man-limited-edition-parfum-spray-105ml/14603590.html,"https://static.thcdn.com/images/small/webp//productimg/512/512/14603590-1955056696989465.jpg","https://static.thcdn.com/images/small/webp//productimg/512/512/14603590-1395058638597928.jpg","https://static.thcdn.com/images/small/webp//productimg/512/512/14603590-6345058523622334.jpg","https://static.thcdn.com/images/small/webp//productimg/512/512/14603590-1535058528577482.jpg",
"Armaf Club De Nuit Urban Man Elixir Eau de Parfum Spray 30ml","£19.95","33.915","30ml","The new vision of masculinity","Club De Nuit Urban Man Elixir","Armaf","",https://www.fragrancedirect.co.uk/armaf-club-de-nuit-urban-man-elixir-eau-de-parfum-spray-30ml/14605828.html,"https://static.thcdn.com/images/small/webp//productimg/512/512/14605828-1765061557426022.jpg","https://static.thcdn.com/images/small/webp//productimg/512/512/14605828-1325058669044751.jpg",
"Armani Acqua Di Gio Men Eau de Parfum Spray 200ml","£112.00","190.4","200ml","ACQUA DI GIÒ EAU DE PARFUM is an intense, long-lasting men's fragrance, where innovative marine notes blend with natural green mandarin, sage, vetiver, and patchouli. The infinite horizon of the sea is captured in a new fragrance. This fresh fragrance for men is for lovers of the classic Acqua Di Giò olfaction but seeking something more intense and long-lasting.

ACQUA DI GIÒ EAU DE PARFUM is a statement of sustainability for the timeless fragrance icon with natural and sustainably sourced ingredients.

Fragrance Family: Woody Aromatic Aquatic
Top Notes: Green Mandarin, Marine Notes
Heart Notes: Clary Sage, LAvandin, Geranium
Base Notes: Patchouli

Please note: we are unable to ship fragrances over 150ml outside of the UK","Acqua Di Gio Men","Armani","",https://www.fragrancedirect.co.uk/armani-acqua-di-gio-men-eau-de-parfum-spray-200ml/14604918.html,"https://static.thcdn.com/images/small/webp//productimg/512/512/14604918-1095056800734667.jpg","https://static.thcdn.com/images/small/webp//productimg/512/512/14604918-1645058666426645.jpg","https://static.thcdn.com/images/small/webp//productimg/512/512/14604918-1565058475414125.jpg","https://static.thcdn.com/images/small/webp//productimg/512/512/14604918-1325058531864228.jpg","https://static.thcdn.com/images/small/webp//productimg/512/512/14604918-1405058523294281.jpg",
"Versace Pour Homme Eau de Toilette Spray 100ml Gift Set","£70.00","119.0","100ml","Diamante Citrus, Bitter Orange leaves and Neiroli flowers light up the fragrance with Mediterranean accents. The heart of Versace Pour Homme is characterized by the mineral-floral aroma, almost tactile, of Clary Sage and Blue Hyacinth. Amber and Musk deliver deep and sensual base notes, the essence of pure masculinity.","Pour Homme","Versace","",https://www.fragrancedirect.co.uk/versace-christmas-2023-pour-homme-eau-de-toilette-spray-100ml-gift-set/14889113.html,"https://static.thcdn.com/images/small/webp//productimg/512/512/14889113-2085091119188191.jpg",
"Jaguar Classic Blue Eau de Toilette Spray 100ml","£15.15","25.755","100ml","For men who possess infectious energy, and love to experiment with unique fragrances, this Classic Blue EDT from Jaguar will definitely be a good idea.
Top Notes
This fragrance opens with a blend of cosy, citrusy, spicy, and sweet aromas of orange, juniper berries, lavender, mandarin orange, basil, star anise, and bergamot to engulf you in a refreshing fragrance.

Heart Notes
This perfume trails into the spicy, and warm notes of ginger, orange blossom, and lotus to heighten your senses.

Base Notes
Unravelling sweet, woody, comforting, and velvety notes of sandalwood, benzoin, and white musk at the end, this perfume will leave you feeling rejuvenated, and upbeat for a long time.","Classic Blue","Jaguar","",https://www.fragrancedirect.co.uk/jaguar-classic-blue-eau-de-toilette-spray-100ml/10049843.html,"https://static.thcdn.com/images/small/webp//productimg/512/512/10049843-1205096567320902.jpg","https://static.thcdn.com/images/small/webp//productimg/512/512/10049843-6695096567348316.jpg","https://static.thcdn.com/images/small/webp//productimg/512/512/10049843-1675096567382780.jpg",
"Rabanne Invictus Aftershave Lotion Splash 100ml","£47.50","80.75","100ml","Invictus After Shave Lotion, enjoy one of Rabanne's most iconic fragrances, Invictus captures the essence of heroes with its aromatic woody notes. Experience the comfort and softness of this lotion infused with your favourite men's fragrance.","Invictus","Rabanne","100ml",https://www.fragrancedirect.co.uk/rabanne-invictus-aftershave-lotion-splash-100ml/10952564.html,"https://static.thcdn.com/images/small/webp//productimg/512/512/10952564-1605061530488239.jpg","https://static.thcdn.com/images/small/webp//productimg/512/512/10952564-8325058501495693.jpg","https://static.thcdn.com/images/small/webp//productimg/512/512/10952564-2115058492140955.jpg",
"Guy Laroche Drakkar Intense Eau de Parfum Spray 100ml","£24.95","42.415","100ml","Drakkar Intense is a bold stroke of aromatic fragrance, a sea of fresh spices and woody accords melding into a sharp and charismatic blend. A rise of wormwood, bergamot, and coriander gives a crisp character to the opening accord. The heart brings lavender alongside clary sage and juniper berries. The base features patchouli, moss, and comforting suede.","","Guy Laroche","",https://www.fragrancedirect.co.uk/guy-laroche-drakkar-intense-eau-de-parfum-spray-100ml/14764225.html,"https://static.thcdn.com/images/small/webp//productimg/512/512/14764225-1855069074041120.jpg","https://static.thcdn.com/images/small/webp//productimg/512/512/14764225-1155070831143568.jpg",
"Tommy Hilfiger Tommy Hilfiger Eau de Toilette Spray 200ml","£37.00","62.9","200ml","Tommy’s effervescent wood base remains as fresh and modern today as it was in the ‘90s. The unmistakably All-American, energising fragrance comes alive by fusing notes of Cape Cod cranberry, Texas yellow rose and Vermont Maplewood.

A fragrance so alive, it’s almost bubbly. Cape Cod Cranberry, Texas Yellow Rose and Vermont Maplewood represent handpicked American notes.","Tommy Hilfiger","Tommy Hilfiger","",https://www.fragrancedirect.co.uk/tommy-hilfiger-tommy-hilfiger-eau-de-toilette-spray-200ml/14604900.html,"https://static.thcdn.com/images/small/webp//productimg/512/512/14604900-1365056799985153.jpg","https://static.thcdn.com/images/small/webp//productimg/512/512/14604900-2675058666397011.jpg","https://static.thcdn.com/images/small/webp//productimg/512/512/14604900-4175058475376586.jpg",
"Armaf Amber Arabia Oud Parfum Spray 100ml","£31.95","54.315","100ml","Amber Arabia Oud uses vivid spicy accords to create an energising and fiery amber fragrance. The opening accord highlights precious saffron, nutmeg, and orange for a crisp spicy scent. The heart brings tagetes and lavender for an aromatic floral flavour. The base uses smooth agarwood, patchouli, ambroxan, and musk.","Arabia Amber","Armaf","",https://www.fragrancedirect.co.uk/armaf-amber-arabia-oud-parfum-spray-100ml/14905717.html,"https://static.thcdn.com/images/small/webp//productimg/512/512/14905717-3665128619983344.jpg",
"Versace Eros Eau de Toilette Spray 200ml","£95.90","163.03","200ml","Versace Eros Eau de Toilette 200ml. A luminous aura with an intense, vibrant and glowing freshness obtained from the combination of mint leaves, Italian lemon zest and green apple. An addictive sensuality delivered by intriguing and enveloping notes like tonka beans, amber, geranium flower and vanilla. A racy virility symbolised by woods such as cedarwood from Atlas and Virginia. Vetyver and oak moss provide intensity and power.","Eros","Versace","",https://www.fragrancedirect.co.uk/versace-eros-eau-de-toilette-spray-200ml/14271424.html,"https://static.thcdn.com/images/small/webp//productimg/512/512/14271424-1685056864541448.jpg","https://static.thcdn.com/images/small/webp//productimg/512/512/14271424-5725058625967217.jpg","https://static.thcdn.com/images/small/webp//productimg/512/512/14271424-6595058498349437.jpg",
"Armaf Ventana Eau de Parfum Spray 100ml","£23.95","40.714999999999996","100ml","Ventana is a tantalising blend of aromatic and woody aromas that combine to create a deep embrace of indulgent fragrance. Highlighting the scent is an accord of citrus bergamot, lemon, and mandarin. The hearty features a prominent lavender touch alongside geranium, vetiver, and patchouli. The base completes with a mixture of amber, cedar, and other woods.","Ventana","Armaf","",https://www.fragrancedirect.co.uk/armaf-ventana-eau-de-parfum-spray-100ml/14602091.html,"https://static.thcdn.com/images/small/webp//productimg/512/512/14602091-1755056875893853.jpg","https://static.thcdn.com/images/small/webp//productimg/512/512/14602091-4665058653389185.jpg",
"Armaf Niche Oud Eau de Parfum Spray 90ml","£27.95","47.515","90ml","Oud by Armaf indulges a strong amber fragrance steeped in fougere tones. A crash of spices melds with caraway, sage, and bergamot to make a striking opening. Black pepper, iris, and cedar allow a savoury heart. Base notes finish with amber, vanilla, patchouli and leather.","Niche Oud","Armaf","",https://www.fragrancedirect.co.uk/armaf-niche-oud-eau-de-parfum-spray-90ml/14602089.html,"https://static.thcdn.com/images/small/webp//productimg/512/512/14602089-2015128619900451.jpg","https://static.thcdn.com/images/small/webp//productimg/512/512/14602089-8705128619914347.jpg",
"Diesel Only The Brave Eau de Toilette Spray 200ml","£83.95","142.715","200ml","Only the Brave is the iconic male fragrance by Diesel, a modern perfume for a self-assured leader who achieves his dreams with conviction. Its emblematic bottle, a clenched fist, conveys the brave values: masculinity, power and self-confidence.

A Citrus Woody, this popular Eau de Toilette opens with the invigorating and energizing freshness of Lemon and Mandarin contrasted with the herbaceous spicy freshness of Coriander. The heart notes bring an aromatic sensuality with Labdanum, Violet Leaves and Rosemary. Finally the base notes create a long lasting strength and elegance with the warmth of amber, the intensity of Leather and the woody Cedar notes

Edgy and cool, the question is are you brave enough?

Please note: We are unable to ship fragrances over 150ml outside of the UK.","Only The Brave","Diesel","200ml",https://www.fragrancedirect.co.uk/diesel-only-the-brave-eau-de-toilette-spray-200ml/13880580.html,"https://static.thcdn.com/images/small/webp//productimg/512/512/13880580-6065090807592900.jpg","https://static.thcdn.com/images/small/webp//productimg/512/512/13880580-1595090807639025.jpg","https://static.thcdn.com/images/small/webp//productimg/512/512/13880580-1425090807680554.jpg","https://static.thcdn.com/images/small/webp//productimg/512/512/13880580-2415090807729679.jpg","https://static.thcdn.com/images/small/webp//productimg/512/512/13880580-6315090807772564.jpg",
