Title,Description,Category,Collection,Tags,Vendor,Product type ,Price,weight,skunumber,Img_src,,,,
Armaf Club De Nuit Intense Man Eau de Toilette Spray 105ml,"Explore your wild side with Club De Nuit Intense Man, a sophisticated masculine fragrance that is designed to captivate and tantalise. This bold scent is a perfect balance of citrus, wood and spice that will have you ready to take on the night.

Start with a fresh burst of lemon, bergamot, pineapple, apple and blackcurrant that will tantalise your senses and awaken your spirit. Then, a distinctive heart of birch, rose and jasmine will linger on your skin, creating an unforgettable signature. Finally, this intoxicating blend of ambergris, musk, vanilla and patchouli will leave a lasting impression that will have you coming back for more.

This unique, yet classic combination of notes is perfect for any man looking to make a statement. Whether you're hitting the town for a night out or just want something that will turn heads, Club De Nuit Intense Man is the perfect scent for you. So, add a little intrigue to your life and try this timeless fragrance today.

Club De Nuit Intense Man is the perfect way to take your look to the next level and make a statement. With its bold and sophisticated aroma, you'll be ready for anything the night brings. So, don't wait - add this fragrance to your basket today and be ready for anything.

Notes: Lemon, Bergamot, Pineapple, Apple, Blackcurrant, Birch, Rose, Jasmine, Ambergris, Musk, Vanilla, Patchouli.",Perfume & Cologne,"Men’s Fragrance, Men’s Perfume","Aerosol products,
AfterShave,
Men’s,
Men’s fragrance,
All Men’s perfume",Fragrance Direct,Armaf,50.915,105ml,2001,https://static.thcdn.com/images/small/webp//productimg/512/512/14602077-1355056875582237.jpg,https://static.thcdn.com/images/small/webp//productimg/512/512/14602077-9145058653225994.jpg,https://static.thcdn.com/images/small/webp//productimg/512/512/14602077-2245058517542978.jpg,https://static.thcdn.com/images/small/webp//productimg/512/512/14602077-1705058527542278.jpg,https://static.thcdn.com/images/small/webp//productimg/512/512/14602077-5765058521136642.jpg
Nautica Voyage Eau de Toilette Spray 100ml,"Nautica Voyage is a fresh and salty sea breeze, that carries romantic scents of coastal herbs and woods and awakes the man's instinct to measure his power with wild nature. This is a fragrance for an active and romantic man who lives by his own rules. The composition opens with cold, green notes of leaves and apples. There is a tender dewy mimose in the heart, which is blended with a watery note of lotus and an interesting accord of linen sail of a yacht. The composition is laid on a woody base, a combination of cedar, moss, musk and amber. The nose behind the perfume is Maurice Roucel. The fragrance was launched in 2006.",Perfume & Cologne,"Men’s Fragrance, Men’s Perfume","Aerosol products,
AfterShave,
Men’s,
Men’s fragrance,
All Men’s perfume",Fragrance Direct,,26.435,100ml,2002,https://static.thcdn.com/images/small/webp//productimg/512/512/14271282-2065107143757992.jpg,https://static.thcdn.com/images/small/webp//productimg/512/512/14271282-9575107143832398.jpg,https://static.thcdn.com/images/small/webp//productimg/512/512/14271282-2005107143877206.jpg,,
